{"val_accuracy": 0.8166666666666667, "test_accuracy": 0.5166666666666667, "_wandb": {"runtime": 5}}