{"val_accuracy": 0.8333333333333334, "test_accuracy": 0.5166666666666667, "_wandb": {"runtime": 4}}